Chain,Claimed Fees,Unclaimed Fees,Swap Unclaimed Fees,CCTP Unclaimed Fees
ethereum,26485.30555900848,161379.38118151276,0,0
metis,1356554.1094611683,152958.14659978286,66311.31189649556,0
cronos,0.0,25264.30242269639,2653.029236200914,0
bsc,66846.42762586646,174974.50562067897,329.2878699430655,0
boba,36591.2322608878,141287.36245355758,57048.18658667356,0
avax,163578.27356256678,143220.83032690664,419083.097037043,0.0
arbitrum,10934.71,54113.125859444466,82593.77145119233,0.0
optimism,264987.0787719625,318284.2584719657,72228.01115312456,0.0
polygon,175386.63090800884,134855.04518160867,170692.5558715445,0