Chain,Claimed Fees,Unclaimed Fees,Swap Unclaimed Fees,CCTP Unclaimed Fees
ethereum,10674.285475570592,58223.02671534372,0,0
metis,1369036.1003934096,146443.8527289799,65588.42211324701,0
cronos,0.0,24609.764506221283,2620.882346414362,0
bsc,0.0,0.0,0,0
boba,31420.2094527658,138814.6804401459,57050.84684639446,0
avax,152889.71054527225,105535.39428151563,416273.2609446108,0.0
arbitrum,21563.781492030925,36688.55071684519,0,0.0
optimism,212787.69642836606,291370.351210637,70695.80055437077,0.0
polygon,172467.51999081016,130572.82797652502,168774.35299310542,0