Chain,Claimed Fees,Unclaimed Fees,Swap Unclaimed Fees,CCTP Unclaimed Fees
ethereum,445891.7181626722,336.5085937629523,0,0
metis,1369233.272232231,143140.31912396874,65214.24984150512,0
cronos,0.0,24201.610341305954,2600.641617636872,0
bsc,66661.12951159086,154993.67931670957,0.0015572188002924811,0
boba,29514.184816928966,137692.30819068506,57047.83579921773,0
avax,68077.6107617568,176884.7105281081,414991.4573850761,0.0
arbitrum,4460.39350494625,144247.67275208508,0,0.0
optimism,215356.33326999433,281438.6236384992,69998.1929150458,0.0
polygon,171088.29710029412,127031.64950729057,167111.56028949848,0